{"cameraMode":{"drawMode":0,"name":"Shaded","section":"Shading Mode"},"sceneLighting":true,"audioPlay":false,"sceneViewState":{"m_AlwaysRefresh":false,"showFog":true,"showSkybox":true,"showFlares":true,"showImageEffects":true,"showParticleSystems":true,"showVisualEffectGraphs":true,"m_FxEnabled":true},"in2DMode":false,"pivot":{"x":138.5557861328125,"y":-67.89353942871094,"z":69.57179260253906},"rotation":{"x":0.19210873544216157,"y":0.48970523476600649,"z":-0.11177995800971985,"w":0.8432081341743469},"size":100.16816711425781,"orthographic":false}